name,email,gender
Galven,gcotta0@loc.gov,Male
Cleveland,cpray1@feedburner.com,Male
Renaldo,rpuckrin2@tumblr.com,Male
Annnora,ablackmoor3@pagesperso-orange.fr,Female
Cathe,cmonard4@wikimedia.org,Female
Brew,btullot5@wikispaces.com,Male
Yovonnda,yevenett6@dagondesign.com,Female
Ashly,aguidetti7@cyberchimps.com,Female
Dillon,dpre8@ustream.tv,Male
Riley,roneal9@cnn.com,Male
Rosy,rbena@columbia.edu,Female
Vick,vdenisb@is.gd,Male
Eduino,ewhewillc@nytimes.com,Male
Lanette,lwillmand@census.gov,Female
Ric,rgouthe@berkeley.edu,Non-binary
Reese,rattenburrowf@issuu.com,Male
Marissa,mfirmageg@yahoo.co.jp,Female
Urban,uwilshawh@is.gd,Male
Priscella,pmeininkingi@zdnet.com,Female
Delores,dwimmersj@nps.gov,Female
Barton,bloffelk@ameblo.jp,Male
Tam,tcockranl@salon.com,Male
Darci,dsmullinm@cnn.com,Female
Nanon,nbeynonn@blinklist.com,Agender
Darlleen,ddurnino@linkedin.com,Female
Hanan,hdeliap@webnode.com,Male
Lauryn,lyuillq@foxnews.com,Female
Bern,bgoodhallr@photobucket.com,Male
Tim,tjacquemets@cdbaby.com,Male
Etheline,emcgairlt@si.edu,Female
Faun,fbyrneu@multiply.com,Female
Derrek,dsandemanv@com.com,Male
Shirl,sdunbobinw@reuters.com,Female
Finn,famerx@wordpress.com,Male
Norine,noregany@adobe.com,Female
Sherry,schafferz@symantec.com,Polygender
Yolane,ylivesey10@arstechnica.com,Female
Marcello,mrogans11@chicagotribune.com,Genderqueer
Joan,jdesbrow12@mac.com,Female
Lotty,lrainy13@diigo.com,Female
Linnie,lblackaby14@yellowbook.com,Female
Arnoldo,aseldon15@jalbum.net,Male
Huntington,hdowe16@chronoengine.com,Male
Janot,jroath17@prweb.com,Female
Nicola,nallington18@jiathis.com,Female
Frederich,fcagan19@diigo.com,Male
Samara,ssecret1a@buzzfeed.com,Female
Hammad,hleatherborrow1b@printfriendly.com,Male
Lacy,llindblad1c@apple.com,Female
Merell,madran1d@wufoo.com,Male
Margeaux,mmaxwaile1e@typepad.com,Female
Gina,gparrish1f@google.es,Female
Thadeus,tmcvane1g@wix.com,Male
Chrisse,csheeran1h@nsw.gov.au,Male
Justis,jgilbride1i@ovh.net,Male
Jordana,jsomerville1j@wikimedia.org,Female
Nealy,nriepl1k@slideshare.net,Male
Randy,rpilmore1l@mapquest.com,Male
Polly,pandriessen1m@businesswire.com,Female
Nissa,nrankin1n@etsy.com,Female
Candie,coveral1o@people.com.cn,Female
Paule,pnavan1p@china.com.cn,Female
Grier,gbroadbere1q@wired.com,Female
Dyane,dmcilrath1r@auda.org.au,Female
Brennen,blockitt1s@ocn.ne.jp,Male
Mariele,mcasari1t@cocolog-nifty.com,Female
Lorant,lsteffens1u@merriam-webster.com,Male
Cherri,cbabcock1v@ucoz.com,Female
Gus,grenbold1w@cisco.com,Female
Gabe,gsanbroke1x@icq.com,Male
Neil,nheinle1y@naver.com,Polygender
Angelo,ahehl1z@themeforest.net,Male
Faustine,fbrocking20@reuters.com,Female
Dale,dsothcott21@addthis.com,Female
Celestina,cbryceson22@meetup.com,Female
Vonnie,vtranmer23@google.com.au,Female
Hilary,hjanes24@nyu.edu,Male
Haily,hdrohan25@upenn.edu,Male
Lynnea,lmccuaig26@topsy.com,Female
Ole,oespinos27@blogtalkradio.com,Male
Herschel,hsecret28@geocities.jp,Male
Josepha,joconnel29@oakley.com,Female
Deny,dschubuser2a@netscape.com,Female
Felicio,fmeuse2b@free.fr,Male
Nahum,nescreet2c@github.com,Male
Saidee,sgoldenofireland2d@bravesites.com,Female
Giacomo,glantiffe2e@drupal.org,Male
Jethro,jpluck2f@a8.net,Bigender
Ediva,ewestmerland2g@ifeng.com,Female
Marten,mskamal2h@youtube.com,Male
Daphna,dsiehard2i@amazon.co.jp,Female
Godiva,gbernardeschi2j@nydailynews.com,Female
Travers,tknottley2k@yolasite.com,Male
Homerus,hjonczyk2l@seesaa.net,Male
Feodora,fventham2m@canalblog.com,Female
Meris,mhanna2n@drupal.org,Female
Guillaume,gdenidge2o@yellowpages.com,Male
Trueman,tdight2p@state.gov,Male
Hinda,haberkirdo2q@blogger.com,Female
Cesaro,ckieff2r@unicef.org,Male
Lyn,lbrockbank2s@army.mil,Agender
Terrence,tcrame2t@cloudflare.com,Male
Lannie,lghirardi2u@tinypic.com,Male
Fletcher,fpowys2v@instagram.com,Male
Odelle,obockmaster2w@mozilla.org,Female
Ola,orozycki2x@statcounter.com,Genderqueer
Alexia,acorney2y@facebook.com,Female
Baryram,boquin2z@tinypic.com,Male
Shannon,sprendergrast30@gnu.org,Male
Livvyy,lbrinded31@yelp.com,Female
Ashlan,anazair32@omniture.com,Female
Elvina,ebrodeur33@sitemeter.com,Female
Dannie,dcranshaw34@google.fr,Female
Jessie,jbowdrey35@hibu.com,Non-binary
Rourke,rtoderbrugge36@wiley.com,Male
Ted,ttrevain37@privacy.gov.au,Female
Geri,gprivett38@rediff.com,Male
Francklyn,frundall39@ucla.edu,Male
Lorelei,lcaldroni3a@google.pl,Female
Evangelina,esweeney3b@aboutads.info,Female
Xever,xbote3c@fda.gov,Male
Nolan,nhamprecht3d@twitpic.com,Male
Kennith,kswindells3e@drupal.org,Male
Blane,bpardoe3f@pagesperso-orange.fr,Male
Joye,jweedon3g@list-manage.com,Female
Blake,beliyahu3h@nhs.uk,Female
Francoise,fbeyne3i@zimbio.com,Female
Hildy,hsamett3j@gravatar.com,Female
Anestassia,aosmint3k@ihg.com,Female
Magdalena,mvolett3l@ed.gov,Female
Bengt,bwrigley3m@blogger.com,Polygender
Colan,cdeye3n@elpais.com,Male
Ertha,ecuckoo3o@meetup.com,Female
Vinni,veudall3p@themeforest.net,Female
Vita,vmaddie3q@typepad.com,Female
Ruy,rgookey3r@ebay.com,Male
Jessie,jpadell3s@ted.com,Female
Martie,mdelmonte3t@squarespace.com,Male
Danila,ddowd3u@oracle.com,Female
Giselbert,gadamski3v@go.com,Male
Sofie,sbarnes3w@bloglines.com,Female
Hermann,hellins3x@wsj.com,Male
Miquela,mcolomb3y@wikimedia.org,Genderfluid
Bram,bcleeve3z@nifty.com,Male
Jeramie,jharpur40@scribd.com,Male
Tiphani,tmarkus41@squarespace.com,Female
Jackson,jargont42@thetimes.co.uk,Male
Estella,elongstaff43@icio.us,Female
Camile,chainey44@ucla.edu,Female
Daisey,ddauncey45@rakuten.co.jp,Female
Tallie,tdudney46@addthis.com,Male
Quintana,qisley47@linkedin.com,Female
Willyt,wberdale48@google.de,Female
Cedric,clinham49@washingtonpost.com,Male
Bridie,broomes4a@cdc.gov,Female
Orrin,otollit4b@shop-pro.jp,Male
Zilvia,zruperto4c@g.co,Female
Kalindi,kliff4d@npr.org,Female
Denyse,dmacaindreis4e@phpbb.com,Female
Issie,icarus4f@foxnews.com,Female
Gustav,gwise4g@miitbeian.gov.cn,Male
Silas,shamly4h@gravatar.com,Male
Clementius,cadamiec4i@aol.com,Male
Lia,lharses4j@gnu.org,Female
Pamela,pperez4k@github.com,Female
Brier,bleahy4l@latimes.com,Agender
Devan,dmeeland4m@dedecms.com,Female
Thomas,tsircomb4n@who.int,Male
Colene,ccomar4o@mac.com,Female
Stephine,smarrington4p@cargocollective.com,Female
Hali,hfocke4q@fotki.com,Female
Zared,zgapper4r@dmoz.org,Male
Rich,rgiral4s@npr.org,Genderfluid
Horace,heagleston4t@wufoo.com,Male
Hill,hstanford4u@multiply.com,Male
Davy,dadenet4v@wsj.com,Male
Yvette,yrelton4w@bandcamp.com,Female
Tyne,ttapley4x@hostgator.com,Female
Mallory,mlilliman4y@multiply.com,Bigender
Laney,lmackley4z@hibu.com,Female
Boniface,bkarolovsky50@google.co.uk,Male
Fredric,fdearsley51@auda.org.au,Male
Casie,cdeandreis52@shutterfly.com,Non-binary
Stanton,smcgerr53@over-blog.com,Male
Porter,pwolsey54@nydailynews.com,Male
Patrica,pvagges55@mozilla.com,Female
Garey,gmaccostye56@usgs.gov,Male
Lucine,lfiles57@cbc.ca,Female
Kale,kcallard58@reverbnation.com,Genderqueer
Emmott,emucklo59@multiply.com,Male
Gigi,glarmett5a@thetimes.co.uk,Female
Philis,pmetzke5b@goodreads.com,Female
Noelyn,nipsley5c@oaic.gov.au,Genderqueer
Tome,tfynan5d@skype.com,Male
Rancell,rjest5e@ox.ac.uk,Non-binary
Jordan,jblofeld5f@unicef.org,Male
Isaiah,iproudlock5g@altervista.org,Male
Blithe,bromans5h@japanpost.jp,Female
Grantham,glucus5i@engadget.com,Male
Erastus,eturbat5j@tiny.cc,Male
Gertrude,godocherty5k@apple.com,Female
Alaster,akubal5l@ibm.com,Male
Robbert,rmerriman5m@mysql.com,Male
Caterina,ckingdom5n@fc2.com,Female
Martynne,msilverston5o@businesswire.com,Female
Felisha,faspell5p@home.pl,Female
Douglass,dbrownlow5q@people.com.cn,Male
Ally,achastelain5r@cafepress.com,Female
Nolana,nrosencrantz5s@alibaba.com,Female
Amabelle,apighills5t@psu.edu,Female
Hugues,hjennins5u@adobe.com,Male
Shelly,swarke5v@microsoft.com,Female
Armando,abeccera5w@ycombinator.com,Male
Tessie,tdequincey5x@wordpress.com,Female
Danette,dpicard5y@princeton.edu,Female
Elia,ebadini5z@unblog.fr,Male
Baudoin,blorrie60@marriott.com,Male
Godard,gspeed61@theguardian.com,Male
Kingsley,koddy62@tinyurl.com,Male
Ginevra,gworsom63@msu.edu,Female
Nickolaus,nquaif64@scribd.com,Male
Tucky,tpettiward65@biglobe.ne.jp,Male
Aubine,aknoton66@sciencedaily.com,Female
Cammi,charmston67@umich.edu,Non-binary
Harper,hnoorwood68@boston.com,Male
Haven,hwinspurr69@imgur.com,Male
Michel,mexton6a@amazon.co.jp,Male
Danette,dklaassens6b@ning.com,Female
Horace,hmeriet6c@guardian.co.uk,Male
Chrisy,cgaiger6d@goodreads.com,Male
Haley,hjeens6e@admin.ch,Female
Tabbitha,tlyndon6f@alexa.com,Female
Doralia,dembra6g@sina.com.cn,Female
Austina,aswyndley6h@hp.com,Female
Shayne,sjosefsson6i@paypal.com,Genderfluid
Arin,awilkisson6j@vkontakte.ru,Male
Kayla,kdimblebee6k@oakley.com,Female
Millard,mpavkovic6l@bloglovin.com,Male
Melessa,mbydaway6m@nbcnews.com,Female
Kristopher,khancorn6n@prlog.org,Male
Livvyy,lorht6o@scribd.com,Female
Betteanne,bmeineking6p@vistaprint.com,Female
Brooke,bblazey6q@51.la,Female
Frasier,frestall6r@zimbio.com,Male
Andres,acubbit6s@delicious.com,Male
Reed,rwapples6t@biblegateway.com,Male
Constantine,cbrotherwood6u@paypal.com,Male
Ibbie,imahood6v@cnbc.com,Female
Marguerite,mdumberell6w@usa.gov,Female
Ashia,aspiller6x@instagram.com,Female
Aimil,aemmer6y@histats.com,Female
Arvie,aleathers6z@slate.com,Male
Torey,tbordessa70@yellowpages.com,Male
Matty,mmaddock71@discuz.net,Bigender
Korney,kwoodwind72@friendfeed.com,Female
Max,mbamforth73@dropbox.com,Agender
Leland,lhens74@upenn.edu,Male
Roland,rbasindale75@guardian.co.uk,Male
Zia,ztrustie76@deliciousdays.com,Female
Viviana,vstclair77@europa.eu,Female
Elvin,egoncalo78@gmpg.org,Male
Guglielma,gseale79@sciencedaily.com,Female
Celia,cmullinder7a@omniture.com,Female
Brynn,bmatushevitz7b@myspace.com,Female
Darb,dsapena7c@livejournal.com,Male
Godiva,gtonkes7d@over-blog.com,Female
Henrie,hpimblett7e@imdb.com,Female
Twyla,ttittershill7f@tiny.cc,Female
Davina,dolivella7g@ft.com,Female
Alvira,asponder7h@t-online.de,Female
Crista,ckitchingman7i@google.com,Female
Hamish,hringham7j@cocolog-nifty.com,Male
Albie,afibben7k@a8.net,Male
Charleen,ctrundle7l@diigo.com,Non-binary
Cinnamon,cwebster7m@privacy.gov.au,Female
Filbert,flipscombe7n@wp.com,Male
Kevan,kkilbee7o@123-reg.co.uk,Male
Meyer,mkrienke7p@blinklist.com,Male
Marvin,mgeorgot7q@businesswire.com,Male
Neron,ndalglish7r@hc360.com,Male
Barnebas,bsupple7s@hud.gov,Agender
Dolorita,dblagburn7t@statcounter.com,Female
Beauregard,bbravey7u@ucla.edu,Male
Robenia,rfumagalli7v@multiply.com,Female
Eleanore,ezealey7w@moonfruit.com,Non-binary
Artie,amckinley7x@amazonaws.com,Male
Neille,nmafham7y@webeden.co.uk,Female
Fax,fmorcombe7z@discuz.net,Male
Ericka,ekerley80@prnewswire.com,Agender
Shepard,snewell81@forbes.com,Male
Tabb,tboundey82@usa.gov,Male
Marcellus,msawdon83@symantec.com,Male
Talyah,tmckevitt84@shinystat.com,Female
Jephthah,jmatityahu85@youtube.com,Male
Shamus,sburkett86@chron.com,Male
Sallyann,shughs87@tiny.cc,Female
Bidget,btivenan88@elpais.com,Female
Roch,rcawthron89@phpbb.com,Female
Gill,gpounds8a@gov.uk,Male
Sabra,sroony8b@washington.edu,Female
Currie,cnorthen8c@newsvine.com,Male
Ashlan,akirkwood8d@sourceforge.net,Female
Walliw,wlabb8e@t-online.de,Female
Davis,dmostyn8f@pcworld.com,Male
Torey,tlupson8g@si.edu,Female
Pearce,psalling8h@globo.com,Male
Corrie,csearight8i@sciencedaily.com,Polygender
Silvia,skembrey8j@senate.gov,Female
Ezra,epreuvost8k@smugmug.com,Male
Sigismundo,sfrankel8l@sciencedaily.com,Male
Felicio,ftoope8m@lulu.com,Male
Johanna,jallden8n@nps.gov,Female
Ashla,adonhardt8o@canalblog.com,Non-binary
Ania,ayakovlev8p@indiegogo.com,Female
Juanita,jfilpo8q@dell.com,Female
Chaim,cissard8r@senate.gov,Male
Holden,hmcfarland8s@jimdo.com,Male
Graehme,gmcgann8t@forbes.com,Male
Lilith,lmcgrey8u@shareasale.com,Female
Zechariah,zfitzsymons8v@google.com.au,Male
Alphonso,afreake8w@freewebs.com,Male
Clark,cmccann8x@nasa.gov,Male
Elisha,edowty8y@paginegialle.it,Agender
Pat,pbenezet8z@facebook.com,Female
Randall,rknappe90@irs.gov,Male
Jefferey,jpuig91@icq.com,Male
Raddy,rshottin92@businessweek.com,Male
Merill,mshurey93@japanpost.jp,Genderqueer
Nicky,nspinage94@desdev.cn,Female
Vicki,vmoakes95@histats.com,Female
Adriena,alau96@buzzfeed.com,Female
Gene,ggolden97@nbcnews.com,Male
Aguie,adani98@arizona.edu,Male
Iris,imcconaghy99@smh.com.au,Genderfluid
Blondy,bbottjer9a@nature.com,Female
Terri,tdeinhardt9b@phpbb.com,Male
Simeon,smaren9c@mashable.com,Male
Di,drobertsson9d@pcworld.com,Female
Dalis,dsheards9e@latimes.com,Polygender
Burnard,bhackwell9f@time.com,Male
Charis,cverrillo9g@linkedin.com,Female
Itch,idurtnel9h@irs.gov,Male
Whit,wsonghurst9i@google.fr,Male
Cory,clandsberg9j@mit.edu,Female
Talbot,tbarhams9k@constantcontact.com,Male
Jeannine,jslowgrove9l@about.com,Genderqueer
Dennie,drainey9m@adobe.com,Male
Janet,jviscovi9n@imdb.com,Female
Gay,gogrowgane9o@multiply.com,Male
Lock,lyeaman9p@jimdo.com,Male
Aloise,amcmahon9q@ocn.ne.jp,Female
Corie,crings9r@sourceforge.net,Female
Garrett,gjull9s@so-net.ne.jp,Male
Nat,nisacoff9t@illinois.edu,Female
Oren,osweetmore9u@baidu.com,Male
Valene,vhamsher9v@fastcompany.com,Agender
Curry,csymones9w@home.pl,Male
Hort,hadamoli9x@sun.com,Male
Creigh,csurmeir9y@icio.us,Male
Aluino,aheigho9z@patch.com,Male
Fernanda,fmullengera0@marketwatch.com,Female
Mirella,mvennarda1@fda.gov,Genderqueer
Mallorie,mleacya2@tinyurl.com,Female
Thomasin,tbothamsa3@last.fm,Female
Avery,ablameya4@bbb.org,Male
Jed,jgregorea5@baidu.com,Male
Alard,amccorya6@blinklist.com,Non-binary
Wilona,wblackallera7@jigsy.com,Female
Eben,ehabershona8@drupal.org,Male
Thacher,tespina9@whitehouse.gov,Male
Philbert,pbelisonaa@businessweek.com,Male
Marta,mbootsab@prlog.org,Polygender
Brigid,bhunnac@pinterest.com,Female
Winifield,wpankettmanad@techcrunch.com,Male
Fletcher,flovattae@theatlantic.com,Male
Cecilius,csparkwellaf@cam.ac.uk,Male
Neils,nolivelloag@uiuc.edu,Male
Agosto,amayouah@nytimes.com,Male
Emmye,edoogoodai@nasa.gov,Female
Carmelle,cbusselaj@cmu.edu,Female
Amos,ashutlerak@about.me,Male
Karry,kdimitrieal@msn.com,Female
Erasmus,edefauam@opensource.org,Male
Lorri,ltreskean@mozilla.org,Female
Garald,ggribbonao@homestead.com,Male
Melany,mlinnardap@wix.com,Female
Iris,itatteshallaq@loc.gov,Female
Cammy,cbeamandar@ox.ac.uk,Male
Ezechiel,emccorkellas@themeforest.net,Male
Allie,aovenellat@prweb.com,Male
Dag,dkieldau@aboutads.info,Male
Ardella,awilborav@diigo.com,Female
Ingaberg,igoffaw@friendfeed.com,Female
Melosa,munwinax@omniture.com,Female
Joni,jshambrookeay@buzzfeed.com,Female
Othelia,orawetaz@mlb.com,Female
Rubin,rbarrackb0@mayoclinic.com,Male
Briant,bheaysmanb1@washington.edu,Genderqueer
Stanwood,sbenedttib2@360.cn,Male
Mora,mbeckeb3@wisc.edu,Female
Meredithe,mpearleb4@oracle.com,Female
Lucius,lchasmerb5@psu.edu,Male
Mercy,mrobyb6@wikimedia.org,Genderqueer
Eda,elonsdaleb7@t-online.de,Female
Drugi,descrittb8@a8.net,Genderqueer
Alic,aunsworthb9@wordpress.com,Male
Ulick,ustubbleyba@un.org,Male
Reinhold,rpersehousebb@vimeo.com,Genderfluid
Bentlee,bswannbc@baidu.com,Male
Ceciley,cvealebd@youtu.be,Female
Rowan,rhartlessbe@slideshare.net,Male
Else,erivenzonbf@yellowpages.com,Female
Farica,fstephensbg@washingtonpost.com,Genderqueer
Warner,wdranfieldbh@reuters.com,Male
Alexei,aesombi@163.com,Genderqueer
Sheilah,swhittingtonbj@cam.ac.uk,Female
Steve,smccutheonbk@paginegialle.it,Male
Inger,icornaubl@yellowbook.com,Male
Rusty,rollebm@seattletimes.com,Male
Auria,alaphambn@blogs.com,Female
Neils,npalfreybo@vistaprint.com,Male
Roger,rlegginbp@biblegateway.com,Male
Mary,mtrenearbq@blogspot.com,Female
Friederike,fpinarbr@spiegel.de,Female
Bondy,bristebs@dyndns.org,Male
Laure,lelkinsbt@cdbaby.com,Female
Georgie,gentwistlebu@prweb.com,Female
Rayner,rbusstbv@fda.gov,Male
Schuyler,sleabw@webnode.com,Male
Berty,bchildersbx@cbslocal.com,Female
Jerri,jsoansby@zimbio.com,Agender
Erika,eklosserbz@sohu.com,Female
Adey,agrgicc0@earthlink.net,Female
Gram,gfallowc1@craigslist.org,Male
Ruperto,randreazzic2@spiegel.de,Male
Willie,wcysonc3@ed.gov,Genderfluid
Gonzales,gtindleyc4@cnet.com,Male
Kiley,kdeerec5@craigslist.org,Male
Filmore,fhuffyc6@fda.gov,Bigender
Marjie,mstuehmeyerc7@nydailynews.com,Female
Lezley,lellerc8@discuz.net,Male
Brooks,bbattiec9@eepurl.com,Female
Cherey,cgalliverca@ocn.ne.jp,Female
Jeni,jlembkecb@netvibes.com,Female
Darrick,draschcc@clickbank.net,Male
Allister,astroudcd@dmoz.org,Male
Gabriella,gbockmannce@posterous.com,Female
Samuel,sdunstoncf@bloglovin.com,Male
Chris,cturbaynecg@ezinearticles.com,Male
Laverna,lkieransch@arizona.edu,Female
Albrecht,ayanshonokci@plala.or.jp,Male
Sloane,snorthbridgecj@reddit.com,Male
Diarmid,dkrierck@webnode.com,Male
Florence,fgoscarcl@nps.gov,Female
Hamnet,hmacmenamycm@dot.gov,Male
Gregoire,gcasecn@google.com.hk,Male
Chase,cbartellico@cdbaby.com,Male
Aurelie,anotocp@mapy.cz,Female
Cheri,cvanwaadenburgcq@ovh.net,Female
Bailie,bfidoecr@indiatimes.com,Male
Orbadiah,otessiercs@princeton.edu,Male
Hamlen,hvanderkruisct@tmall.com,Male
Barbette,bgrundlecu@people.com.cn,Female
Bibby,blaistercv@webs.com,Female
Mead,mstandoncw@nasa.gov,Female
Chickie,cariescx@ucoz.ru,Male
Aurora,asmoughtoncy@over-blog.com,Female
Valentijn,vwhelbandcz@feedburner.com,Male
Nydia,nwilflingd0@examiner.com,Female
Emelen,ebarwelld1@statcounter.com,Male
Wylma,wlambshined2@ucoz.com,Female
Edgar,estolworthyd3@canalblog.com,Male
Debbie,dcrudged4@diigo.com,Female
Kristian,kcorradeschid5@ted.com,Male
Jeth,jmcpeiced6@xing.com,Male
Melly,mgregorind7@google.co.jp,Female
Reiko,rsparhamd8@hatena.ne.jp,Female
Maddie,mdalgardnod9@samsung.com,Male
Gladi,gjaynesda@cargocollective.com,Female
Josepha,jobingtondb@google.co.uk,Female
Lara,lpoguedc@issuu.com,Female
Kurt,kdavetdd@printfriendly.com,Male
Kenon,kkeinratde@umn.edu,Male
Price,pmaccaffertydf@blogger.com,Male
Kimbra,kvanderhoevendg@flavors.me,Female
Bartholomew,blaughrendh@china.com.cn,Male
Leo,llebossedi@dagondesign.com,Male
Thekla,tsmartmandj@technorati.com,Female
Rubin,rbenzidk@com.com,Male
Gayel,gwimpressdl@cpanel.net,Female
Bev,bmcdonanddm@imageshack.us,Male
Aurel,amcroriedn@bloglines.com,Female
Jerad,jangerdo@indiegogo.com,Male
Gwen,gsuttydp@acquirethisname.com,Female
Muffin,mtowseydq@shareasale.com,Female
Shirleen,sclynterdr@japanpost.jp,Female
Winona,wleistds@ehow.com,Female
Farlie,fbendondt@addtoany.com,Male
Milton,mjershdu@barnesandnoble.com,Non-binary
Clim,cglencroschedv@comcast.net,Male
Annabell,amcgaugheydw@miibeian.gov.cn,Female
Othella,oclacsondx@icio.us,Female
Lannie,lhowerddy@trellian.com,Male
Kathryne,kditchburndz@ameblo.jp,Female
Randolph,rtremmile0@addthis.com,Male
Shell,ssheddene1@devhub.com,Male
Samson,sberggrene2@reddit.com,Male
Violetta,vsaigere3@cargocollective.com,Female
Gustave,gloosmoree4@huffingtonpost.com,Male
Cole,ccopparde5@imgur.com,Male
L;urette,ldeblasee6@topsy.com,Genderqueer
Emmi,egriffithse7@netscape.com,Female
Edlin,epahlere8@homestead.com,Male
Raleigh,rmortene9@exblog.jp,Polygender
Annabella,aextilea@dagondesign.com,Female
Holly,hholdreneb@jiathis.com,Genderqueer
Anet,asteljesec@google.it,Female
Tobe,tolivettied@merriam-webster.com,Male
Oswald,orauprichee@opensource.org,Male
Saundra,schasteref@baidu.com,Female
Jerald,jruperteg@reference.com,Male
Denys,dmaccostyeh@godaddy.com,Agender
Ursuline,usevittei@vk.com,Female
Gerhardine,gpashleyej@clickbank.net,Female
Carney,ccolvilleek@bing.com,Male
Shawn,sspiresel@cafepress.com,Male
Edi,eastlattem@altervista.org,Female
Genia,gmcgeorgeen@merriam-webster.com,Female
Miranda,mmcmeartyeo@wunderground.com,Female
Christal,callamep@mit.edu,Female
Uriah,ustenyngeq@technorati.com,Male
Sherm,sdockreyer@reddit.com,Male
Skell,ssirkettes@chron.com,Male
Tiphany,tblaset@techcrunch.com,Female
Kaiser,kcorainieu@wsj.com,Male
Adey,adibsdaleev@examiner.com,Genderqueer
Linus,ldymentew@ucoz.com,Male
Kendra,ktarrantex@google.com.hk,Female
Enrichetta,emenlowey@xing.com,Female
Brynne,bswaffieldez@chicagotribune.com,Female
Meggie,mtresisef0@wsj.com,Female
Alfons,achallonerf1@de.vu,Male
Sergei,sscibseyf2@reuters.com,Male
May,mratleyf3@java.com,Female
William,whansberryf4@mit.edu,Male
Philip,prewcastlef5@ustream.tv,Male
Oralla,ofurslandf6@home.pl,Female
Aldo,asedgefieldf7@skype.com,Male
Holly-anne,hlangstafff8@narod.ru,Female
Coriss,cmanvillef9@opensource.org,Female
Deane,dmoyerfa@mapy.cz,Male
Priscella,pmaphamfb@flavors.me,Bigender
Crawford,cellwellfc@fotki.com,Male
Eldon,eballisterfd@blogspot.com,Male
Hannie,hsumsionfe@blogspot.com,Genderqueer
Sophie,smangeneyff@loc.gov,Female
Lindon,ldarnellfg@imdb.com,Male
Jack,jarmisteadfh@amazon.co.jp,Male
Kiel,kchampneysfi@indiegogo.com,Agender
Cairistiona,cvlasyukfj@meetup.com,Female
Tammy,tgatmanfk@acquirethisname.com,Male
Mano,mstealfoxfl@google.co.uk,Male
Hyacinth,hbraleyfm@un.org,Female
Forrest,fdavittifn@ted.com,Male
Gracie,gkindredfo@china.com.cn,Female
Marylinda,mdurnfordfp@google.pl,Female
Robinett,rflockhartfq@xrea.com,Female
Flossi,ftomanfr@narod.ru,Female
Perl,pbardellfs@bloomberg.com,Female
Austen,arawlynsft@xing.com,Male
Lauralee,lcescotfu@360.cn,Female
Emmalynne,epriestmanfv@51.la,Female
Ashton,amichelifw@sphinn.com,Male
Tripp,tgouldthorpefx@slashdot.org,Male
Hersch,hdunseathfy@google.es,Male
Bibbye,bbenduhnfz@clickbank.net,Female
Kim,kmillarg0@usda.gov,Female
Donnamarie,dcausticg1@shareasale.com,Female
Marlo,mtredgoldg2@studiopress.com,Non-binary
Tricia,tmunrog3@mit.edu,Female
Evita,elampingg4@cbsnews.com,Female
Dyna,dhalfhydeg5@mapy.cz,Female
Lynnelle,lzanicchig6@webnode.com,Female
Delbert,dprimmerg7@behance.net,Male
Birk,bborresg8@cbc.ca,Male
Lea,lthiemeg9@acquirethisname.com,Female
Nero,npotega@mac.com,Male
Deirdre,dblankleygb@meetup.com,Female
Gayle,gvaulsgc@issuu.com,Male
Elonore,eredpathgd@omniture.com,Female
Andie,arolingsonge@tmall.com,Female
Mayor,mthorbygf@timesonline.co.uk,Male
Brigida,barnigg@archive.org,Female
Camala,cjillardgh@imageshack.us,Female
Gregor,gdomkegi@deviantart.com,Male
Darby,disworthgj@va.gov,Male
Robby,rmckibbingk@oracle.com,Male
Ardis,aleasorgl@uol.com.br,Female
Susana,sbesseygm@google.es,Female
Haze,hluxengn@php.net,Male
Erhart,egreenego@yahoo.com,Male
Dick,dsproulsgp@opensource.org,Male
Gretal,ggalwaygq@buzzfeed.com,Female
Juliane,jslydegr@is.gd,Female
Bridgette,bcastillongs@upenn.edu,Female
Antonin,araddongt@washingtonpost.com,Male
Tamarah,tmartinsongu@tinypic.com,Female
Chandra,cgrinawaygv@php.net,Female
Engelbert,emorrillygw@sun.com,Male
Griswold,gemburygx@si.edu,Male
Filia,fsemirazgy@cloudflare.com,Female
Basia,bhaygz@state.tx.us,Female
Towny,tbeningfieldh0@gmpg.org,Bigender
Kaila,kspittlesh1@google.de,Female
Caryl,cschoenleiterh2@scribd.com,Female
Retha,rbrookbankh3@cmu.edu,Female
Emilee,eniscoh4@mediafire.com,Female
Orren,ocamockeh5@apache.org,Bigender
Danita,dschlagmanh6@jigsy.com,Female
Lulu,lgoucherh7@miitbeian.gov.cn,Female
Freddie,farnowiczh8@baidu.com,Male
Darcie,drumbellowh9@skyrock.com,Female
Kial,kakamha@dion.ne.jp,Female
Alwyn,astanburyhb@ihg.com,Male
Vanny,vromeohc@wikipedia.org,Non-binary
Milo,mpinarehd@howstuffworks.com,Male
Eugenius,edulantyhe@feedburner.com,Male
Tamqrah,tlanegranhf@networkadvertising.org,Female
Isidor,ipundhg@mit.edu,Male
Tori,ttuftinhh@walmart.com,Female
Una,ukenealyhi@indiegogo.com,Female
Mortie,mzapaterhj@mozilla.org,Genderqueer
Arlin,aelesanderhk@google.es,Male
Ewart,emcdonaghhl@spotify.com,Male
Gretal,gwasselinhm@reference.com,Female
Augustin,askellshn@icq.com,Polygender
Keane,kmycroftho@myspace.com,Male
Haily,hkoleshp@ehow.com,Female
Darby,dwrathmellhq@dot.gov,Male
Vina,vcoudrayhr@delicious.com,Agender
Stafford,scrabtreehs@hibu.com,Male
Courtney,cgussieht@alexa.com,Male
Isa,ilyddiardhu@diigo.com,Male
Harriot,hcoodehv@fastcompany.com,Female
Rasia,rmacounhw@tripadvisor.com,Agender
Teodoro,tbennitthx@noaa.gov,Male
Bab,bpischelhy@dell.com,Female
Artur,ayitzoviczhz@gmpg.org,Male
Maximilien,mhamfletti0@networksolutions.com,Polygender
Elvera,eswini1@dell.com,Female
Harwilll,hackerleyi2@unesco.org,Male
Noah,nduchateaui3@wordpress.org,Male
Corrie,cgirodieri4@reuters.com,Male
Kaspar,klaffertyi5@cbslocal.com,Male
Bjorn,bwynchi6@smh.com.au,Male
Stepha,smackledeni7@twitter.com,Female
Sutherland,ssattefordi8@studiopress.com,Male
Eleen,egobbetti9@tuttocitta.it,Female
Bartlett,bporteia@google.fr,Male
Vernice,vhandib@google.cn,Female
Ingrid,isurgeyic@cdbaby.com,Female
Adorne,abaptyid@wikia.com,Female
Wendall,wcoileyie@networkadvertising.org,Male
Kirbie,kjaycocksif@i2i.jp,Non-binary
Amelita,adollmanig@canalblog.com,Female
Wilburt,wlazarih@de.vu,Male
Grady,gmorterii@fc2.com,Genderqueer
Rudolfo,rhartfordij@stanford.edu,Male
Sharline,shordellik@liveinternet.ru,Female
Ginnifer,gtwinboroughil@mtv.com,Female
Dierdre,dmartinovicim@slate.com,Bigender
Smitty,sshemminin@baidu.com,Male
Deanna,dkubesio@guardian.co.uk,Female
Gare,gmcauslandip@ameblo.jp,Male
Bertie,bcrushiq@psu.edu,Female
Kean,krouffir@exblog.jp,Male
Eadie,edeveyis@creativecommons.org,Female
Rem,rlivensit@lycos.com,Male
Gerard,gbroadberrieiu@blog.com,Male
Caril,cfontaineiv@netscape.com,Female
Myrtice,mnaceyiw@hud.gov,Female
Tessie,tsibbsix@discuz.net,Female
Larissa,lblandamoreiy@phoca.cz,Female
Karlen,kschweriniz@ibm.com,Female
Leontyne,ldennyj0@wikimedia.org,Non-binary
Constantine,cklimpj1@cornell.edu,Male
Randee,rbrazeltonj2@miibeian.gov.cn,Female
Kane,kguillemj3@meetup.com,Male
Sammie,scurrmj4@wikia.com,Male
Cairistiona,cbellanyj5@howstuffworks.com,Female
Auberta,ahannumj6@state.gov,Female
Moses,mmarrowj7@51.la,Male
Dotty,dfrankiewiczj8@people.com.cn,Female
Swen,sferrullij9@networkadvertising.org,Male
Eward,eapsja@github.io,Male
Addi,akerjb@tmall.com,Female
Colet,cmcdonoughjc@globo.com,Male
Aubine,acisnerosjd@deviantart.com,Female
Ferdinanda,fpipworthje@soup.io,Female
Clive,cgundreyjf@ehow.com,Male
Gun,gkeenorjg@csmonitor.com,Male
Eleanore,ematiebejh@phpbb.com,Female
Kayla,karneckeji@deviantart.com,Female
Thatch,toriganjj@jugem.jp,Male
Ewen,ecaslettjk@imgur.com,Male
Katherine,kknaggesjl@google.it,Female
Chelsie,cplewesjm@unc.edu,Female
Brantley,bdetocjn@uiuc.edu,Male
Genny,gtoonjo@amazon.com,Female
Derek,dleadjp@newyorker.com,Male
Lion,lgeorgeotjq@prnewswire.com,Male
Sadie,sgolsbyjr@unesco.org,Female
Denni,dgristhwaitejs@about.com,Female
Charley,crockwelljt@tamu.edu,Male
Esther,eecclesallju@quantcast.com,Female
Charley,chaeslierjv@walmart.com,Bigender
Arte,aadamovitzjw@unesco.org,Male
Darrel,dneadsjx@joomla.org,Male
Urson,uwildsjy@unicef.org,Male
Jess,jfiddemanjz@ted.com,Male
Sollie,sdoreyk0@yahoo.com,Male
Marsha,mspeightk1@acquirethisname.com,Female
Tiebold,thannek2@usa.gov,Male
Hiram,hwilbrahamk3@baidu.com,Male
Abagail,awoodwink4@craigslist.org,Female
Drake,dbeartk5@google.co.uk,Male
Cookie,cliberok6@canalblog.com,Female
Wald,wworldk7@baidu.com,Male
Verney,vtebbk8@eventbrite.com,Male
Cob,camottk9@wisc.edu,Male
Shea,smatzkaitiska@delicious.com,Female
Emmalyn,ebillsonkb@vinaora.com,Female
Katharine,kbirdallkc@squarespace.com,Female
Corey,cblencowekd@twitpic.com,Female
Bay,btweenke@netscape.com,Male
Flin,fbrockestkf@huffingtonpost.com,Male
Molly,mcundykg@ameblo.jp,Female
Serge,sshimwallkh@bravesites.com,Male
Jammie,jagneauki@archive.org,Female
Demetris,dwarriorkj@amazon.com,Male
Garvey,gkirwankk@cisco.com,Polygender
Mirabelle,mcancellariokl@nytimes.com,Female
Edlin,eboldrykm@umn.edu,Male
Francois,fmountkn@abc.net.au,Male
Sosanna,smaylardko@github.com,Female
Tito,tmeekskp@sphinn.com,Male
Jade,jwhilekq@youtube.com,Female
Sawyere,slewinskr@theguardian.com,Male
Ware,wdoncasterks@smugmug.com,Agender
Gunther,gcotteykt@joomla.org,Male
Annaliese,agoviniku@utexas.edu,Female
Karrah,kraymentkv@reference.com,Female
Dillon,dcasebournekw@cam.ac.uk,Male
Frasquito,fjankovskykx@g.co,Male
Sheri,sollettky@house.gov,Female
Alexandre,anaismithkz@fc2.com,Male
Rockey,rbissonl0@sphinn.com,Male
Mitchell,mlerel1@usgs.gov,Male
Helli,hmunroel2@indiegogo.com,Female
Armand,afaraharl3@topsy.com,Male
Filmore,fcragheadl4@globo.com,Male
Sascha,sbrokenshirel5@mail.ru,Male
Sarah,spagdenl6@baidu.com,Female
Celle,cfairyl7@ehow.com,Female
Toby,tholdronl8@opensource.org,Female
Orrin,omcgilbonl9@berkeley.edu,Male
Leonanie,lfearela@goodreads.com,Genderqueer
Albie,abroginilb@taobao.com,Non-binary
Monika,mguittlc@apache.org,Female
Donnie,dambroisld@tinyurl.com,Female
Esmeralda,ejanawayle@123-reg.co.uk,Female
Nettle,nhazeldenlf@nasa.gov,Female
Eric,egandylg@vimeo.com,Male
Haleigh,hyankinlh@timesonline.co.uk,Male
Georgiana,gkennardli@wordpress.org,Female
Ashla,avalenssmithlj@google.fr,Female
Stevana,scleevelk@parallels.com,Female
Wandis,wrookledgell@buzzfeed.com,Female
Byrle,bbohdenlm@businessweek.com,Male
Jacklyn,jpundyln@friendfeed.com,Female
Benjamen,bstalmanlo@psu.edu,Male
Elfrieda,eknightlp@yahoo.co.jp,Female
Kania,kkitterlq@microsoft.com,Female
Baillie,bgrimsdikelr@wisc.edu,Male
Gilli,gcorbettls@ustream.tv,Female
Gabi,ggansbuhlerlt@va.gov,Male
Omar,okochllu@google.com.au,Male
Jakie,jcuthbertlv@bizjournals.com,Male
Brant,bfoloninlw@sohu.com,Male
Armando,adunhamlx@posterous.com,Male
Jess,jdorrely@uol.com.br,Male
Dalenna,dostlerlz@fotki.com,Female
Ker,kspradem0@hubpages.com,Polygender
Derek,dmarciekm1@latimes.com,Male
Krisha,kwittsm2@salon.com,Male
Rollin,rosgodbym3@foxnews.com,Male
Shoshana,smcdarmidm4@360.cn,Female
Mallissa,mstuttm5@sun.com,Female
Hope,hsimonassim6@mapy.cz,Female
Trix,tbriggsm7@nbcnews.com,Female
Georgeta,gthechamm8@skyrock.com,Female
Wynne,wwegenenm9@reference.com,Female
Garvy,gsarrama@jugem.jp,Male
Emily,ebrewoodmb@yale.edu,Female
Clive,cjuanicomc@sourceforge.net,Male
Ellerey,eocassidymd@rakuten.co.jp,Male
Carson,cfeareyme@qq.com,Male
Evin,eklosermf@soup.io,Male
Elfreda,esnelgrovemg@upenn.edu,Female
Sibyl,srubertmh@miibeian.gov.cn,Male
Hartley,hwardsmi@alexa.com,Male
Dreddy,dpozzimj@qq.com,Female
Annie,afandreymk@miibeian.gov.cn,Female
Ruth,rbanfillml@1688.com,Female
Fancy,fmatyushenkomm@nytimes.com,Female
Freda,fazemarmn@cbc.ca,Female
Lionel,lcharrissonmo@elpais.com,Male
Jabez,jcharlsonmp@independent.co.uk,Male
Garth,gredgewellmq@usda.gov,Male
Tabby,tcanellasmr@mashable.com,Male
Arlan,agrisdalems@elpais.com,Male
Adel,apeasbymt@ibm.com,Female
Tadeas,tvolettemu@harvard.edu,Male
Dudley,drappoportmv@hibu.com,Male
Meaghan,msumnallmw@surveymonkey.com,Female
Dorrie,dwilkersonmx@delicious.com,Female
Sherwood,smedlarmy@wp.com,Male
Liz,lkefordmz@walmart.com,Genderfluid
Robinet,rheimannn0@trellian.com,Female
Ronalda,rstraingen1@amazon.co.uk,Female
Gloriane,gremonn2@geocities.jp,Female
Artemis,amcguffogn3@techcrunch.com,Polygender
Jim,jwroughtonn4@tripod.com,Male
Selby,sbezarran5@studiopress.com,Male
Wadsworth,wpallesken6@spiegel.de,Male
Chere,cshepherdsonn7@trellian.com,Female
Aurelie,abraddenn8@instagram.com,Female
Tammy,tdifranceshcin9@photobucket.com,Male
Vincenty,vtaltonna@elpais.com,Male
Yettie,ybinnesnb@google.es,Female
Sula,sseegernc@quantcast.com,Genderqueer
Philomena,pdimelownd@a8.net,Female
Zebedee,zpetraitisne@mediafire.com,Male
Viv,vankernf@infoseek.co.jp,Female
Aubry,adavinetng@bandcamp.com,Female
Abrahan,agarthsidenh@marketwatch.com,Male
Way,wtawni@unesco.org,Male
Finn,fscarsenj@sfgate.com,Male
Eleen,ewarrickernk@list-manage.com,Agender
Allianora,abootlandnl@ucsd.edu,Female
Everard,edurrettnm@pagesperso-orange.fr,Male
Brietta,bbebbnn@yale.edu,Female
Northrup,npapierzno@moonfruit.com,Male
Sybyl,srehmnp@wisc.edu,Female
Kim,krylenq@usda.gov,Male
Dominique,dwhannelnr@intel.com,Female
Kin,kbowrans@plala.or.jp,Polygender
Tobe,tkrolnt@sbwire.com,Male
Gusty,ghucksternu@time.com,Female
Alex,aforrestallnv@yolasite.com,Female
Arden,abravenw@princeton.edu,Female
Dionisio,dscracenx@weibo.com,Male
Aurthur,aclinkny@ucoz.ru,Male
Sisile,sbrinkmannz@yolasite.com,Female
Lyndsay,lchaudreto0@latimes.com,Polygender
Roma,rcohro1@free.fr,Male
Blair,bsymingtono2@biglobe.ne.jp,Male
Thomasina,tbotfieldo3@google.pl,Female
Shepherd,sobradaneo4@patch.com,Male
Travis,ttupieo5@abc.net.au,Male
Annis,amakino6@state.gov,Female
Merline,mlosebieo7@jugem.jp,Polygender
Elijah,emilingtono8@google.nl,Male
Griffith,gfackrello9@bbc.co.uk,Male
Noby,nrubegaoa@instagram.com,Male
Craggy,clotteringtonob@sciencedirect.com,Male
Ezra,egoldthorpoc@about.com,Male
Andromache,agirodiasod@fastcompany.com,Female
Donn,dcowdenoe@elpais.com,Male
Dorice,dtoquetof@bizjournals.com,Female
Ange,adiruggieroog@huffingtonpost.com,Male
Ariana,aborrowmanoh@comcast.net,Female
Evangelia,estaytoi@microsoft.com,Polygender
Giorgio,gmelanaphyoj@gov.uk,Male
Pren,phrycekok@upenn.edu,Male
Loni,lpaulaol@oaic.gov.au,Female
Britta,boculliganom@bing.com,Female
Madel,mrhymeson@hp.com,Female
Allegra,ahardisonoo@google.com.br,Female
Dela,dmaddickop@github.io,Female
Lambert,ljellicorseoq@nih.gov,Male
Ogden,ookellor@gov.uk,Male
Wilma,wlongmateos@washingtonpost.com,Female
Wayne,wdytonot@scribd.com,Male
Deane,dkeepou@hibu.com,Male
Hunter,hglassfordov@comcast.net,Male
Mariann,mligertonow@hhs.gov,Female
Jorry,jstiffkinsox@wikispaces.com,Female
Vittoria,vdellentyoy@ovh.net,Female
Jaimie,jiffeoz@istockphoto.com,Female
Matthew,mottewillp0@51.la,Male
Chas,cpeggramp1@arizona.edu,Male
Anitra,amervynp2@rakuten.co.jp,Female
Basile,bohowbanep3@artisteer.com,Male
Carly,ckunesp4@flickr.com,Male
Pippo,prubenczykp5@bloglines.com,Male
Othilie,ostandidgep6@facebook.com,Female
Rosabel,rwinspirep7@gravatar.com,Female
Viki,vnornasellp8@google.co.jp,Female
Vale,vgliddenp9@prweb.com,Female
Rosabella,rdressepa@whitehouse.gov,Female
Loise,lmuffinpb@arizona.edu,Female
Beryle,bklimschpc@jugem.jp,Genderqueer
Agosto,aerangeypd@reddit.com,Male
Ilyse,ibassonpe@wikia.com,Female
Josey,jdewfallpf@intel.com,Female
Milly,mlaffordpg@cnet.com,Female
Josy,jpetronisph@dot.gov,Female
Beth,bdawleypi@github.io,Female
Yorgo,yclinningpj@gizmodo.com,Male
Rosabella,rstegglespk@examiner.com,Female
Chiquia,ckleinsteinpl@ow.ly,Female
Simone,spervewpm@tripadvisor.com,Non-binary
Roarke,rsarvarpn@slate.com,Male
Kalil,kbecarrapo@domainmarket.com,Male
Ed,ehundallpp@tmall.com,Male
Kora,klecointepq@pagesperso-orange.fr,Female
Ramsay,rstanyardpr@eventbrite.com,Male
Isabelita,iduffieldps@globo.com,Female
Percy,ppetrellopt@alexa.com,Male
Silvia,sbradenpu@youtube.com,Female
Griffie,ghannawaypv@sfgate.com,Male
Viki,vthurlingpw@free.fr,Female
Babb,bmcillrickpx@youtube.com,Female
Kermy,kspavonpy@hatena.ne.jp,Male
Daisy,dlampepz@desdev.cn,Female
Ashlie,afreddiq0@sourceforge.net,Female
Anne-corinne,askiplorneq1@xrea.com,Female
Guthrey,ghanrahanq2@ft.com,Male
Mavra,mfarnyq3@bbc.co.uk,Female
Ava,aponcefordq4@vinaora.com,Female
Ariel,aearlyq5@lycos.com,Female
Cathlene,cbarthelmesq6@java.com,Bigender
Gretta,glevineq7@twitter.com,Female
Nicol,nivashnikovq8@mozilla.com,Female
Heinrick,hkarlicekq9@zdnet.com,Male
Noland,nreginaqa@usda.gov,Male
Valentine,vfairholmeqb@bizjournals.com,Polygender
Sollie,sbanckqc@php.net,Male
Darb,dwhewellqd@elpais.com,Female
Brandie,bsommerlandqe@addthis.com,Female
Elisabet,edudinqf@msu.edu,Genderfluid
Anabel,ascimonelliqg@omniture.com,Female
August,abellfieldqh@amazon.com,Male
Tyson,tabramoviciqi@businessweek.com,Male
Janna,jtieqj@forbes.com,Female
Itch,ifilgateqk@altervista.org,Male
Wolfgang,wmatsellql@odnoklassniki.ru,Male
Warde,wbruckqm@berkeley.edu,Male
Rolph,rtulleyqn@slideshare.net,Male
Merrielle,mcunneyqo@state.tx.us,Female
Piotr,pcheasmanqp@cargocollective.com,Male
Alidia,amurdochqq@behance.net,Female
Alexa,aludronqr@wikispaces.com,Female
Pauly,pvaudreyqs@geocities.jp,Female
Waverly,wedeqt@pbs.org,Male
Cornelia,cdelacourtqu@opera.com,Female
Claudetta,cfonquernieqv@51.la,Female
Anestassia,aciabatteriqw@t.co,Female
Waneta,wincognaqx@state.gov,Female
Dalli,dreilingerqy@china.com.cn,Male
Aretha,afountaineqz@vk.com,Female
Zerk,zrutherfoordr0@pinterest.com,Male
Vinny,vdelosr1@dot.gov,Genderqueer
Zachariah,zculterr2@dmoz.org,Male
Joelly,jtoolinr3@t-online.de,Female
Fredrika,fivettsr4@timesonline.co.uk,Female
Giraud,gbellamr5@soundcloud.com,Male
Sheffield,spluesr6@barnesandnoble.com,Male
Jennine,jskeinr7@telegraph.co.uk,Female
Christal,cpalker8@harvard.edu,Female
Floris,fshreever9@jigsy.com,Female
Maris,mdrewera@indiatimes.com,Female
Norry,ntoffelrb@reverbnation.com,Female
Priscilla,piacovuzzirc@latimes.com,Female
Jerri,jkynclrd@noaa.gov,Male
Cloe,cshropshirere@blogtalkradio.com,Female
Kit,kwitchellrf@yellowbook.com,Male
Mack,mnansonrg@toplist.cz,Male
Demetris,dduffetrh@buzzfeed.com,Male
Gerrard,gschererri@nytimes.com,Male
Tammy,tmenendezrj@opensource.org,Female
Reiko,rmowlingrk@time.com,Female
Dew,dblabyrl@surveymonkey.com,Male
Kinny,kransomrm@etsy.com,Male
Hamil,hbettrn@chronoengine.com,Male
Leanor,ljeero@edublogs.org,Female
Stepha,sbrownerp@businessweek.com,Female
Sheryl,skillinerrq@yelp.com,Female
Claudetta,croysterr@google.com.au,Polygender
